sampleTimeStamp.seconds;sampleTimeStamp.microseconds;x_1;y_1;x_2;y_2;
1584543601;538678;495.500000;141.500000;430.500000;56.500000;
1584543602;240532;169.599396;48.697247;NaN;NaN;
1584543602;340623;169.599396;48.697247;NaN;NaN;
1584543602;438522;169.599396;48.697247;NaN;NaN;
1584543602;539485;169.599396;48.697247;NaN;NaN;
1584543602;641277;169.599396;48.697247;NaN;NaN;
1584543602;737980;169.599396;48.697247;NaN;NaN;
1584543602;837932;169.711304;48.904762;NaN;NaN;
1584543602;937746;169.711304;48.904762;NaN;NaN;
1584543603;37657;169.711304;48.904762;NaN;NaN;
1584543603;144095;169.711304;48.904762;NaN;NaN;
1584543603;240807;169.549652;49.510639;408.925934;51.629631;
1584543603;337661;168.675674;49.747749;410.222229;50.888889;
1584543603;437809;166.912277;55.298244;NaN;NaN;
1584543603;538544;166.500000;56.500000;NaN;NaN;
1584543603;639600;166.500000;57.000000;410.555542;50.777779;
1584543603;737793;165.370377;56.370369;NaN;NaN;
1584543603;837501;165.000000;58.333332;NaN;NaN;
1584543603;937598;165.520630;49.726986;NaN;NaN;
1584543604;40350;162.518524;51.792591;412.666656;51.000000;
1584543604;140075;156.500000;58.500000;NaN;NaN;
1584543604;237823;150.500000;62.500000;422.000000;64.500000;
1584543604;337644;133.728882;61.106667;NaN;NaN;
1584543604;437705;113.719856;65.595741;442.266663;70.733330;
1584543604;538070;114.533333;51.733334;456.666656;75.666664;
1584543604;639546;47.515774;79.078186;475.472839;78.449341;
1584543604;737739;2.596132;84.210464;65.398376;56.723576;
1584543604;840101;37.092262;60.336311;531.387268;109.103317;
1584543604;937965;5.436548;65.351944;571.535217;129.773636;
1584543605;37302;624.024109;153.843048;369.016663;76.150002;
1584543605;139348;377.666656;86.333336;NaN;NaN;
1584543605;237422;399.559082;78.495590;NaN;NaN;
1584543605;337238;435.787415;85.062927;NaN;NaN;
1584543605;437522;479.573517;92.052940;NaN;NaN;
1584543605;538240;1.975976;98.690689;515.241516;98.425758;
1584543605;643226;0.500000;109.000000;545.468140;105.154015;
1584543605;737754;567.256714;111.718079;402.592590;72.407410;
1584543605;837370;594.920471;120.210739;410.309265;74.340210;
1584543605;937452;630.597412;133.997726;420.625854;79.356010;
1584543606;37416;432.360260;84.161491;NaN;NaN;
1584543606;139769;455.898254;90.107094;NaN;NaN;
1584543606;237049;485.999084;98.911232;293.833344;66.907410;
1584543606;337265;509.241028;113.101028;295.238098;71.650795;
1584543606;439417;535.542603;124.290901;293.202911;75.159424;
1584543606;538861;578.478882;144.560471;295.148163;79.925926;
1584543606;639140;636.740967;168.259018;305.939392;89.696968;
1584543606;737260;330.833344;96.750000;NaN;NaN;
1584543606;837061;370.806763;103.478264;NaN;NaN;
1584543606;936887;424.444458;116.222221;NaN;NaN;
1584543607;37208;472.612732;122.300323;NaN;NaN;
1584543607;139115;553.518494;126.703705;328.242432;82.477272;
1584543607;237076;635.045898;157.061523;362.666656;80.266670;
1584543607;337001;406.994385;88.822098;NaN;NaN;
1584543607;437062;462.523804;99.761902;NaN;NaN;
1584543607;537436;508.088898;130.177780;NaN;NaN;
1584543607;639169;572.500000;133.000000;NaN;NaN;
1584543607;736785;636.409607;163.407410;356.888885;100.222221;
1584543607;836792;390.786316;101.341881;NaN;NaN;
1584543607;936984;NaN;NaN;NaN;NaN;
1584543608;36719;516.544434;159.355560;NaN;NaN;
1584543608;138865;324.466675;89.000000;NaN;NaN;
1584543608;236804;NaN;NaN;NaN;NaN;
1584543608;336699;493.333344;120.081078;NaN;NaN;
1584543608;436737;617.630249;141.494339;NaN;NaN;
1584543608;537539;91.296295;70.444443;NaN;NaN;
1584543608;638886;76.677246;77.788361;NaN;NaN;
1584543608;736934;46.456455;86.393394;NaN;NaN;
1584543608;837139;450.333344;71.761902;NaN;NaN;
1584543608;936872;459.580261;80.493828;NaN;NaN;
1584543609;36593;469.370361;99.462959;419.843750;59.500000;
1584543609;139285;164.666672;52.333332;484.727264;101.957222;
1584543609;236462;45.785713;77.682541;503.449036;117.683197;
1584543609;336435;21.473959;85.484375;533.771606;132.941360;
1584543609;436573;132.155548;62.200001;578.336426;160.186951;
1584543609;537050;120.703705;66.439156;469.840424;88.675529;
1584543609;638585;105.681160;74.014496;492.179688;102.557289;
1584543609;736530;84.023811;86.023811;516.162720;114.943130;
1584543609;836327;50.777779;94.444443;560.666687;136.000000;
1584543609;936351;604.373535;149.938736;NaN;NaN;
1584543610;36535;221.653839;65.679489;562.777771;81.777779;
1584543610;142650;217.416672;70.535713;602.394531;124.945580;
1584543610;236240;217.500000;78.500000;409.250000;38.583332;
1584543610;336514;204.500000;82.500000;632.083313;56.815216;
1584543610;436196;175.742371;82.832672;410.500000;34.500000;
1584543610;536843;148.971436;95.097961;305.617279;44.691357;
1584543610;638469;112.785713;93.642860;301.121216;45.878788;
1584543610;736399;44.193954;124.117348;NaN;NaN;
1584543610;836378;252.125000;78.458336;NaN;NaN;
1584543610;936345;193.258423;88.273407;NaN;NaN;
1584543611;36135;104.666664;110.333336;260.123444;61.555557;
1584543611;138309;NaN;NaN;NaN;NaN;
1584543611;236360;132.500000;78.500000;563.599976;71.599998;
1584543611;336049;96.928574;77.773811;182.500000;56.500000;
1584543611;436259;56.500000;96.500000;578.500000;90.500000;
1584543611;537245;1.500000;112.500000;128.500000;70.500000;
1584543611;642414;104.478928;77.383141;630.735291;115.784317;
1584543611;738809;78.500000;80.500000;NaN;NaN;
1584543611;836445;33.375381;91.774467;NaN;NaN;
1584543611;935956;46.524273;70.909386;451.411346;73.035461;
1584543612;36423;8.500000;82.500000;465.000000;86.000000;
1584543612;138286;2.097166;77.404861;500.000000;98.966667;
1584543612;235802;546.666687;103.333336;NaN;NaN;
1584543612;335811;608.211304;134.309525;NaN;NaN;
1584543612;435952;0.333333;78.333336;NaN;NaN;
1584543612;539278;444.600006;85.933334;NaN;NaN;
1584543612;638563;490.619049;96.095238;NaN;NaN;
1584543612;736107;1.946502;87.353912;548.584961;102.901962;
1584543612;835893;7.141510;61.088051;623.290344;138.430115;
1584543612;936228;8.486667;67.622223;403.708344;69.875000;
1584543613;36198;7.418118;68.800232;438.916656;76.208336;
1584543613;137765;4.051613;70.277420;484.666656;95.333336;
1584543613;236147;2.331210;79.683655;544.821411;112.261902;
1584543613;336228;626.875000;139.608795;NaN;NaN;
1584543613;435615;NaN;NaN;NaN;NaN;
1584543613;536987;447.122559;86.147057;NaN;NaN;
1584543613;638647;1.410256;81.102562;503.482666;97.898666;
1584543613;735650;0.833333;85.833336;577.205750;109.638885;
1584543613;835514;NaN;NaN;NaN;NaN;
1584543613;935676;396.025635;70.666664;NaN;NaN;
1584543614;35478;434.508942;87.973213;NaN;NaN;
1584543614;137498;483.728302;101.948906;NaN;NaN;
1584543614;235969;553.502319;118.270546;NaN;NaN;
1584543614;335878;388.333344;79.555557;NaN;NaN;
1584543614;435684;440.148621;89.645432;NaN;NaN;
1584543614;536572;512.188232;109.132187;NaN;NaN;
1584543614;637577;611.447205;135.024719;375.968750;72.295135;
1584543614;735649;423.209137;81.996735;NaN;NaN;
1584543614;835899;482.390533;97.722549;NaN;NaN;
1584543614;935364;578.530640;125.607361;NaN;NaN;
1584543615;35709;422.533325;82.733330;NaN;NaN;
1584543615;137522;8.627402;105.928574;524.498535;101.672569;
1584543615;235309;13.020075;79.277710;627.864929;121.527054;
1584543615;335545;409.491882;73.199188;NaN;NaN;
1584543615;435456;434.774597;83.827866;NaN;NaN;
1584543615;535926;467.855377;102.307159;269.000000;66.500000;
1584543615;637446;515.498657;125.271660;274.769226;71.871796;
1584543615;735404;628.833679;158.603653;301.247955;79.800812;
1584543615;835267;351.810822;94.873871;NaN;NaN;
1584543615;935304;21.596491;53.403507;433.683228;112.523392;
1584543616;35319;566.047668;137.250397;NaN;NaN;
1584543616;137393;73.263222;86.734314;NaN;NaN;
1584543616;238022;137.784042;93.751175;571.606812;97.615387;
1584543616;335535;206.168610;106.374680;NaN;NaN;
1584543616;435093;273.010010;119.595993;360.047607;53.976189;
1584543616;535743;288.500000;126.500000;382.500000;60.500000;
1584543616;637001;388.321747;60.379711;NaN;NaN;
1584543616;735046;392.541656;70.875000;NaN;NaN;
1584543616;835079;407.333344;80.410255;NaN;NaN;
1584543616;935167;366.283325;85.388885;NaN;NaN;
1584543617;34946;314.500000;94.500000;NaN;NaN;
1584543617;136873;289.121216;97.121216;NaN;NaN;
1584543617;235421;274.936493;104.936508;298.023438;48.156250;
1584543617;335148;267.500000;111.500000;293.861328;50.514668;
1584543617;434877;260.392853;117.583336;289.649994;54.977779;
1584543617;535695;244.222229;130.444443;286.855713;56.771145;
1584543617;636797;227.500000;126.500000;285.275146;57.047619;
1584543617;734833;232.500000;130.500000;291.083344;58.988888;
1584543617;834985;251.347580;103.772079;301.760681;56.518520;
1584543617;934791;240.500000;120.500000;305.723816;51.720634;
1584543618;34746;232.500000;117.500000;303.379669;56.353672;
1584543618;136840;301.650482;59.779934;NaN;NaN;
1584543618;234706;297.239716;66.543381;NaN;NaN;
1584543618;334692;251.063568;78.840210;NaN;NaN;
1584543618;437432;184.166672;89.342010;214.985504;53.318840;
1584543618;536348;143.927536;101.464577;191.391541;50.034393;
1584543618;636732;113.121216;121.121216;169.774200;57.032257;
1584543618;734878;148.147430;60.224358;635.137268;130.352936;
1584543618;834572;109.500000;70.500000;NaN;NaN;
1584543618;934850;156.772720;77.863640;NaN;NaN;
1584543619;35132;234.762558;86.899544;NaN;NaN;
1584543619;136699;240.500000;88.500000;282.803925;52.941177;
1584543619;237285;224.500000;98.500000;280.215057;54.831543;
1584543619;334789;206.500000;130.500000;270.415009;56.470200;
1584543619;434498;263.609192;59.507389;NaN;NaN;
1584543619;535354;196.897430;73.897438;NaN;NaN;
1584543619;636857;142.014496;87.681160;NaN;NaN;
1584543619;734420;98.500000;102.500000;564.500000;74.500000;
1584543619;834393;55.215054;114.232971;593.952393;83.714287;
1584543619;935009;22.500000;120.500000;628.299316;106.530609;
1584543620;34717;481.899994;76.099998;NaN;NaN;
1584543620;136150;46.333332;147.666672;69.454109;75.426498;
1584543620;234725;9.843824;150.457901;84.500000;90.500000;
1584543620;334383;51.901760;89.813385;632.108704;100.304344;
1584543620;434269;8.500000;114.500000;NaN;NaN;
1584543620;535149;2.843972;121.489365;NaN;NaN;
1584543620;636147;74.000000;48.500000;NaN;NaN;
1584543620;734343;468.333344;82.333336;NaN;NaN;
1584543620;834371;506.666656;90.000000;NaN;NaN;
1584543620;934468;565.699158;97.487808;NaN;NaN;
1584543621;34392;634.594849;95.879311;NaN;NaN;
1584543621;136481;NaN;NaN;NaN;NaN;
1584543621;234401;NaN;NaN;NaN;NaN;
1584543621;334398;4.153543;114.707352;571.500000;91.500000;
1584543621;434337;597.500000;98.541664;NaN;NaN;
1584543621;534814;588.757568;103.484848;NaN;NaN;
1584543621;635919;567.507935;107.150795;NaN;NaN;
1584543621;734482;568.420532;112.876923;NaN;NaN;
1584543621;834044;619.878906;110.611916;353.000000;83.333336;
1584543621;933970;388.500000;88.690475;NaN;NaN;
1584543622;34210;423.658295;88.998322;NaN;NaN;
1584543622;139386;463.868469;93.995514;NaN;NaN;
1584543622;234467;514.545166;112.436134;NaN;NaN;
1584543622;334111;563.336304;122.455360;NaN;NaN;
1584543622;434218;627.161011;136.759476;357.000000;88.555557;
1584543622;534688;388.205139;93.641029;NaN;NaN;
1584543622;636439;424.500000;100.527779;NaN;NaN;
1584543622;733887;459.382355;106.794121;NaN;NaN;
1584543622;833946;501.061615;115.854340;NaN;NaN;
1584543622;934052;547.386475;125.265701;263.761902;74.000000;
1584543623;33781;606.270447;138.005707;288.212128;76.333336;
1584543623;136069;315.166656;79.166664;NaN;NaN;
1584543623;234327;344.863647;82.878784;NaN;NaN;
1584543623;333718;374.919189;88.090912;NaN;NaN;
1584543623;433694;408.612610;93.945946;NaN;NaN;
1584543623;534546;0.666667;65.866669;444.000000;100.333336;
1584543623;639240;19.065079;60.173016;497.523804;110.857140;
1584543623;735309;56.500000;64.500000;553.666687;122.703705;
1584543623;833909;72.009346;62.915890;631.500000;139.500000;
1584543623;933812;77.500000;72.500000;NaN;NaN;
1584543624;33535;51.787037;66.947090;NaN;NaN;
1584543624;136384;24.500000;78.500000;NaN;NaN;
1584543624;233578;13.200000;73.518112;86.777779;46.555557;
1584543624;334155;75.681160;48.014492;388.333344;67.333336;
1584543624;433774;397.000000;71.500000;NaN;NaN;
1584543624;534240;52.427673;52.433964;403.622223;77.955559;
1584543624;636060;45.083332;56.923611;420.125000;84.458336;
1584543624;734632;70.500000;62.020832;NaN;NaN;
1584543624;833861;87.462364;64.408600;NaN;NaN;
1584543624;933989;76.196968;70.015152;531.536133;105.805222;
1584543625;33517;54.004139;72.726707;554.693909;115.985580;
1584543625;135753;35.465687;72.280640;584.943787;129.783127;
1584543625;233279;13.942752;76.562325;112.500000;50.500000;
1584543625;333450;4.069445;82.279915;112.500000;52.500000;
1584543625;433229;NaN;NaN;NaN;NaN;
1584543625;533918;51.223064;82.964645;435.632172;84.500000;
1584543625;635504;64.222221;94.444443;477.945953;89.210213;
1584543625;733185;48.500000;88.500000;492.654022;94.645287;
1584543625;833191;33.321838;90.982239;188.271317;52.147285;
1584543625;933388;22.500000;110.500000;186.515152;52.242424;
1584543626;33156;182.500000;54.500000;572.312500;140.937500;
1584543626;135882;176.500000;55.500000;598.752197;138.828568;
1584543626;233423;170.020828;58.500000;635.859375;175.531250;
1584543626;333022;160.702637;56.717026;NaN;NaN;
1584543626;433006;149.158234;60.605484;NaN;NaN;
1584543626;533954;135.646805;64.907799;NaN;NaN;
1584543626;638860;120.054390;70.343094;467.666656;85.000000;
1584543626;733648;94.136360;84.818184;476.791656;90.625000;
1584543626;833130;71.811592;92.869568;488.267975;88.841827;
1584543626;932927;53.701012;93.064644;193.250000;54.583332;
1584543627;32924;20.040838;108.171082;182.466660;53.733334;
1584543627;135193;180.416672;55.250000;552.754272;114.694603;
1584543627;233844;182.500000;55.500000;610.643555;132.912704;
1584543627;332954;181.096497;53.706139;NaN;NaN;
1584543627;436016;180.712418;60.581699;NaN;NaN;
1584543627;533632;179.820648;63.101524;NaN;NaN;
1584543627;635004;178.321930;66.994301;535.187500;68.531250;
1584543627;732961;173.600388;83.489281;573.333313;82.380951;
1584543627;833004;167.197357;84.715431;269.500000;48.500000;
1584543627;932981;151.304108;93.768204;269.120697;51.028736;
1584543628;33035;118.666664;108.333336;268.480957;54.085712;
1584543628;134906;95.158470;120.575844;265.480011;58.506668;
1584543628;232821;40.500000;120.500000;261.486603;63.328468;
1584543628;332866;257.765106;66.010361;NaN;NaN;
1584543628;432725;249.098267;70.877823;586.500000;84.583336;
1584543628;533303;223.220261;79.176010;587.763062;80.867470;
1584543628;635046;171.995743;85.103546;256.955566;51.111111;
1584543628;732643;114.237183;100.251831;225.262817;48.282051;
1584543628;832895;71.194839;117.629097;210.808395;55.527557;
1584543628;933378;195.500000;61.500000;627.547363;131.247986;
1584543629;32711;177.783020;60.141510;NaN;NaN;
1584543629;134592;160.850342;55.450680;NaN;NaN;
1584543629;233006;140.069077;57.022522;NaN;NaN;
1584543629;332796;115.232323;62.551228;NaN;NaN;
1584543629;432744;87.632370;63.969315;NaN;NaN;
1584543629;533445;50.814995;72.118095;143.748856;43.488583;
1584543629;638755;6.428902;82.146820;490.387390;87.496620;
1584543629;735559;95.062332;53.566395;508.409363;102.390747;
1584543629;833271;57.515152;70.303032;533.219543;121.930840;
1584543629;932500;1.500000;57.500000;573.695923;153.128845;
1584543630;32571;636.500000;177.500000;NaN;NaN;
1584543630;134849;418.777771;109.555557;NaN;NaN;
1584543630;232996;434.005890;106.896751;NaN;NaN;
1584543630;332372;457.000000;114.500000;NaN;NaN;
1584543630;432802;475.274109;124.879753;NaN;NaN;
1584543630;533538;569.060547;170.946976;370.161987;87.454826;
1584543630;634568;419.122681;102.485107;NaN;NaN;
1584543630;732505;498.286835;128.190475;NaN;NaN;
1584543630;832548;376.799469;88.000000;NaN;NaN;
1584543630;932548;484.016907;104.429337;326.625000;76.569443;
1584543631;32775;536.230774;123.817345;341.396088;81.490196;
1584543631;134231;602.774048;151.916077;345.946167;91.111115;
1584543631;234864;388.149200;109.548149;230.430557;71.291664;
1584543631;332783;509.000000;148.500000;295.291138;84.278481;
1584543631;432349;578.458557;168.897781;313.043182;95.215866;
1584543631;532783;385.081360;116.955353;638.500000;67.500000;
1584543631;634049;521.970398;146.227951;309.292511;84.227890;
1584543631;732086;408.370483;96.770493;NaN;NaN;
1584543631;832034;482.291656;116.750000;304.446960;72.560608;
1584543631;932231;631.584290;151.560959;381.394745;86.535088;
1584543632;34485;499.873810;108.135803;NaN;NaN;
1584543632;136403;599.242615;130.515701;NaN;NaN;
1584543632;232423;45.625000;56.708332;NaN;NaN;
1584543632;332040;24.500000;62.500000;394.500000;92.000000;
1584543632;431918;0.500000;32.500000;405.971008;107.137680;
1584543632;532748;NaN;NaN;NaN;NaN;
1584543632;633643;519.349182;170.984131;NaN;NaN;
1584543632;731843;39.500000;85.095238;NaN;NaN;
1584543632;832027;81.259262;90.814812;NaN;NaN;
1584543632;931827;65.113068;96.437187;NaN;NaN;
1584543633;31785;29.776367;105.311111;522.777771;111.555557;
1584543633;133732;216.500000;40.500000;568.137939;118.731804;
1584543633;231759;212.500000;39.500000;624.763184;142.091232;
1584543633;331735;205.242432;42.696968;NaN;NaN;
1584543633;431893;198.000000;43.000000;NaN;NaN;
1584543633;532407;189.802475;44.395061;NaN;NaN;
1584543633;633448;181.675674;46.234234;NaN;NaN;
1584543633;731849;174.476196;51.238094;NaN;NaN;
1584543633;831647;165.277771;40.722221;NaN;NaN;
1584543633;931616;159.098038;59.676472;NaN;NaN;
1584543634;31777;147.416672;63.825756;NaN;NaN;
1584543634;133426;132.329636;64.737038;NaN;NaN;
1584543634;231692;114.840744;69.285187;NaN;NaN;
1584543634;334412;93.784088;73.886360;NaN;NaN;
1584543634;432007;72.500000;86.500000;520.224731;84.775253;
1584543634;532360;29.035715;94.020676;552.534668;98.552254;
1584543634;633613;71.282051;58.859959;596.400085;114.603882;
1584543634;731566;45.790825;68.288795;404.812500;67.687500;
1584543634;831597;10.359591;74.482857;410.444458;76.222221;
1584543634;931626;418.658447;77.403290;NaN;NaN;
1584543635;31482;429.210693;89.067360;NaN;NaN;
1584543635;133272;445.727356;103.022064;NaN;NaN;
1584543635;231932;473.562866;122.093735;NaN;NaN;
1584543635;331395;538.197327;151.032303;NaN;NaN;
1584543635;431382;363.683319;103.550003;NaN;NaN;
1584543635;532384;409.825073;112.255318;NaN;NaN;
1584543635;633289;NaN;NaN;NaN;NaN;
1584543635;731450;614.679504;149.846161;NaN;NaN;
1584543635;831440;NaN;NaN;NaN;NaN;
1584543635;932252;NaN;NaN;NaN;NaN;
1584543636;31275;531.333313;129.666672;NaN;NaN;
1584543636;134298;NaN;NaN;NaN;NaN;
1584543636;231402;NaN;NaN;NaN;NaN;
1584543636;331176;NaN;NaN;NaN;NaN;
1584543636;431526;635.674988;155.883331;NaN;NaN;
1584543636;531844;NaN;NaN;NaN;NaN;
1584543636;633566;NaN;NaN;NaN;NaN;
1584543636;731313;627.322937;153.135422;NaN;NaN;
1584543636;831568;NaN;NaN;NaN;NaN;
1584543636;931161;NaN;NaN;NaN;NaN;
1584543637;31312;18.333334;64.333336;541.964478;122.837563;
1584543637;133200;595.759460;149.175262;NaN;NaN;
1584543637;233661;NaN;NaN;NaN;NaN;
1584543637;333965;NaN;NaN;NaN;NaN;
1584543637;431416;NaN;NaN;NaN;NaN;
1584543637;532318;NaN;NaN;NaN;NaN;
1584543637;633264;392.958344;99.500000;NaN;NaN;
1584543637;730858;112.500000;57.500000;457.166656;111.333336;
1584543637;831256;129.878784;61.121212;541.900024;155.600006;
1584543637;931246;144.725006;65.500000;484.661560;91.069725;
1584543638;30862;162.500000;72.500000;552.446533;110.722565;
1584543638;133296;173.308334;80.308334;634.765869;131.546051;
1584543638;231139;181.718521;86.933334;NaN;NaN;
1584543638;331245;172.540451;92.233009;349.857147;63.549450;
1584543638;430929;161.500000;110.500000;353.121216;69.121216;
1584543638;531984;100.273857;120.299461;344.564117;69.019234;
1584543638;633024;298.165314;75.070457;NaN;NaN;
1584543638;730739;241.126038;81.582092;NaN;NaN;
1584543638;830767;161.223923;91.879135;NaN;NaN;
1584543638;930556;58.566799;101.754547;245.500000;62.500000;
1584543639;30588;604.648132;63.740742;NaN;NaN;
1584543639;133190;124.707603;81.567253;592.717957;72.897438;
1584543639;230698;69.096184;95.320068;614.166687;96.194443;
1584543639;330745;2.791667;115.162498;180.242432;66.484848;
1584543639;430864;138.198196;71.585587;NaN;NaN;
1584543639;534878;83.755554;86.488892;NaN;NaN;
1584543639;638157;13.829674;93.687958;561.500000;90.500000;
1584543639;730586;115.166664;54.833332;573.590210;98.220184;
1584543639;830384;54.500000;80.500000;611.128967;122.220947;
1584543639;930389;2.424242;88.200340;NaN;NaN;
1584543640;30532;18.646067;71.005615;NaN;NaN;
1584543640;132605;10.472222;75.083336;NaN;NaN;
1584543640;230302;1.290598;67.504272;506.998505;99.486610;
1584543640;330592;570.867737;120.045502;NaN;NaN;
1584543640;433437;388.755554;69.777779;NaN;NaN;
1584543640;530912;418.666656;69.185188;NaN;NaN;
1584543640;632628;458.000000;99.500000;NaN;NaN;
1584543640;730371;493.243195;106.929771;NaN;NaN;
1584543640;830315;565.425903;148.922226;NaN;NaN;
1584543640;930504;NaN;NaN;NaN;NaN;
1584543641;30436;388.666656;92.000000;NaN;NaN;
1584543641;132278;458.333344;109.952377;NaN;NaN;
1584543641;233681;560.500000;138.500000;NaN;NaN;
1584543641;330267;NaN;NaN;NaN;NaN;
1584543641;430089;NaN;NaN;NaN;NaN;
1584543641;530913;4.204301;70.500000;536.170837;105.192871;
1584543641;632149;635.214478;123.928284;NaN;NaN;
1584543641;730423;2.306233;96.937668;401.500000;73.000000;
1584543641;830373;1.563218;70.172417;441.189240;83.246529;
1584543641;930054;0.773810;84.142860;491.947113;98.283653;
1584543642;30003;2.207407;64.357407;558.126953;114.010811;
1584543642;132297;2.724359;66.388458;411.825409;82.444443;
1584543642;229960;2.446839;72.948273;453.076660;87.836006;
1584543642;330074;510.051270;98.991081;NaN;NaN;
1584543642;430461;22.500000;70.500000;582.095398;114.733444;
1584543642;530581;423.288879;71.155556;NaN;NaN;
1584543642;631993;465.897858;83.629036;NaN;NaN;
1584543642;730116;26.435898;77.829063;516.676819;96.097176;
1584543642;829860;29.631039;83.509659;584.505737;109.105911;
1584543642;929813;30.285587;92.506630;NaN;NaN;
1584543643;29974;24.523777;105.209557;455.660187;83.647247;
1584543643;131918;12.638407;108.086258;514.069336;95.234322;
1584543643;229752;5.249123;143.718246;587.122620;108.788727;
1584543643;329983;395.583344;72.285713;NaN;NaN;
1584543643;432318;3.050193;99.544403;436.347961;77.333336;
1584543643;533544;480.742676;89.627998;NaN;NaN;
1584543643;632153;541.414673;102.820885;NaN;NaN;
1584543643;729724;0.500000;46.500000;618.215881;123.162292;
1584543643;829682;375.879639;76.500000;NaN;NaN;
1584543643;929865;1.997942;66.699585;410.604401;85.871796;
1584543644;29735;20.500000;78.500000;464.879303;100.070404;
1584543644;131643;34.829578;75.439941;539.871765;112.651299;
1584543644;229741;57.757141;80.042175;636.985535;141.243958;
1584543644;329598;80.087723;85.914619;NaN;NaN;
1584543644;429702;98.422493;92.719704;523.196106;90.098038;
1584543644;530485;108.176933;106.979462;196.500000;56.500000;
1584543644;631507;115.761475;122.111473;224.500000;56.500000;
1584543644;729454;111.144058;147.683136;249.820511;56.923077;
1584543644;829700;64.759689;154.759689;255.285721;59.089638;
1584543644;929480;218.333328;68.333336;272.666656;34.666668;
1584543645;29713;170.225067;77.789177;524.468079;75.780144;
1584543645;131729;140.292847;87.574898;230.472229;34.444443;
1584543645;229343;103.222221;108.448029;570.730347;94.139931;
1584543645;329390;69.000000;120.500000;181.923080;54.974358;
1584543645;429788;159.547256;59.223881;637.805908;135.248947;
1584543645;530106;151.658432;63.658436;NaN;NaN;
1584543645;631409;195.908859;62.755207;NaN;NaN;
1584543645;729857;190.170685;73.248993;521.621765;70.134613;
1584543645;829252;169.199997;89.699997;234.523804;41.761906;
1584543645;929239;152.558823;101.764709;228.500000;49.500000;
1584543646;29534;134.500000;112.500000;628.950500;104.321838;
1584543646;131588;61.681160;138.014496;213.500000;45.500000;
1584543646;229352;16.777779;166.555557;205.333328;60.333332;
1584543646;329618;192.294662;71.020256;519.650818;67.793648;
1584543646;429974;178.402039;75.196846;224.483337;43.849998;
1584543646;529859;155.500000;98.500000;571.000000;90.333336;
1584543646;631417;141.500000;106.500000;609.288147;93.615822;
1584543646;729403;85.156586;124.634109;200.500000;56.500000;
1584543646;829037;25.451141;144.133942;184.500000;53.500000;
1584543646;929207;166.500000;58.500000;NaN;NaN;
1584543647;29279;151.500000;65.500000;NaN;NaN;
1584543647;132037;132.684937;73.958900;519.500000;65.500000;
1584543647;229239;109.121216;87.606064;NaN;NaN;
1584543647;328973;81.500000;102.500000;NaN;NaN;
1584543647;428936;86.777779;112.555557;635.320435;103.540054;
1584543647;529883;54.291668;123.375000;488.000000;76.500000;
1584543647;630903;6.500000;146.500000;40.861637;79.062897;
1584543647;729198;22.500000;88.500000;541.148132;90.000000;
1584543647;832562;583.761902;96.843315;NaN;NaN;
1584543647;929190;NaN;NaN;NaN;NaN;
1584543648;29252;459.621216;81.318184;NaN;NaN;
1584543648;130894;509.916351;93.928482;NaN;NaN;
1584543648;228812;590.691406;113.370132;363.250000;81.750000;
1584543648;328775;405.500000;93.904762;NaN;NaN;
1584543648;429191;463.435211;103.370918;249.500000;79.500000;
1584543648;529394;543.388550;139.019730;278.984131;89.373016;
1584543648;634094;309.095825;95.324997;NaN;NaN;
1584543648;730295;343.784637;113.326653;135.761902;89.476189;
1584543648;828958;400.185181;123.740738;NaN;NaN;
1584543648;928685;170.444443;122.222221;NaN;NaN;
1584543649;29160;231.219696;120.000000;10.333333;85.666664;
1584543649;131401;89.333336;90.685188;NaN;NaN;
1584543649;228869;172.583328;98.625000;NaN;NaN;
1584543649;328834;252.740738;112.518517;NaN;NaN;
1584543649;431377;NaN;NaN;NaN;NaN;
1584543649;532735;39.200001;70.116669;523.777771;187.555557;
1584543649;631260;124.500000;70.500000;NaN;NaN;
1584543649;728728;203.054428;70.598640;NaN;NaN;
1584543649;828510;210.222229;86.444443;302.523804;46.380951;
1584543649;928639;122.002670;95.533333;618.602844;95.361702;
1584543650;28483;52.726578;109.965637;226.956284;56.557377;
1584543650;130578;204.169312;62.433861;NaN;NaN;
1584543650;228577;176.044022;69.015724;NaN;NaN;
1584543650;328409;142.974808;75.937775;471.254913;82.450981;
1584543650;428364;89.500000;88.500000;478.611115;87.956787;
1584543650;529168;56.735153;86.010704;192.380951;49.666668;
1584543650;630413;2.208113;102.994705;174.500000;52.500000;
1584543650;728324;154.456345;51.888889;565.500000;158.500000;
1584543650;828440;128.388474;58.095238;NaN;NaN;
1584543650;928248;92.282784;63.624317;NaN;NaN;
1584543651;28228;44.166668;72.606773;NaN;NaN;
1584543651;130476;408.333344;99.333336;NaN;NaN;
1584543651;228199;408.847443;99.593994;NaN;NaN;
1584543651;328216;57.243591;52.576923;413.472717;112.813683;
1584543651;428385;19.360308;55.876686;431.369843;121.628975;
1584543651;528960;86.985504;43.681160;NaN;NaN;
1584543651;630325;2.725877;73.679825;126.500000;48.500000;
1584543651;728291;74.753258;76.867783;NaN;NaN;
1584543651;828049;93.744820;84.043419;556.952393;115.904762;
1584543651;928036;58.568325;98.732758;244.641449;50.915966;
1584543652;28247;17.333334;129.333328;240.192856;55.140476;
1584543652;130021;235.843796;62.260807;535.916687;77.222221;
1584543652;227999;227.682037;69.245918;306.916656;42.895832;
1584543652;328265;218.198944;79.666664;310.307678;48.589745;
1584543652;431302;203.360458;92.215965;310.500000;52.500000;
1584543652;528613;181.162720;110.625359;311.457367;57.573643;
1584543652;630184;139.709503;130.571869;304.838226;58.784313;
1584543652;727921;4.454444;159.067780;255.563309;57.178295;
1584543652;827846;212.001450;54.663757;NaN;NaN;
1584543652;928206;187.988571;61.334213;553.936157;74.517731;
1584543653;27983;154.001648;68.873566;581.914001;75.405731;
1584543653;129961;96.444443;90.777779;203.703033;49.581818;
1584543653;228004;34.719551;116.234344;177.972794;61.314625;
1584543653;327723;136.500000;78.500000;NaN;NaN;
1584543653;427690;106.194786;85.539780;519.491211;104.122810;
1584543653;528578;40.500000;112.500000;28.193262;71.686172;
1584543653;629835;572.666687;140.027771;422.619049;90.904762;
1584543653;727679;613.230774;162.051285;418.726196;94.369049;
1584543653;828166;476.250000;102.000000;312.000000;67.666664;
1584543653;927746;624.077759;118.957779;NaN;NaN;
1584543654;27732;5.273463;112.485435;NaN;NaN;
1584543654;130218;29.858871;135.521988;444.500000;80.000000;
1584543654;227593;30.286863;148.981155;3.842687;98.777214;
1584543654;328003;0.444444;124.777779;611.554138;108.264069;
1584543654;427863;436.250000;88.000000;NaN;NaN;
1584543654;528111;408.608063;89.239319;NaN;NaN;
1584543654;629688;386.341705;98.411438;638.500000;62.000000;
1584543654;727701;429.753906;120.140190;NaN;NaN;
1584543654;827718;586.000000;170.000000;299.364594;93.125000;
1584543654;927602;409.666656;122.111115;NaN;NaN;
1584543655;27792;559.094727;146.997452;310.897430;83.589745;
1584543655;129505;414.307159;106.191124;NaN;NaN;
1584543655;227345;564.889038;133.395493;NaN;NaN;
1584543655;327616;NaN;NaN;NaN;NaN;
1584543655;427380;24.500000;128.500000;NaN;NaN;
1584543655;528017;607.257080;115.290100;NaN;NaN;
1584543655;629551;NaN;NaN;NaN;NaN;
1584543655;727472;NaN;NaN;NaN;NaN;
1584543655;827711;50.222221;88.444443;NaN;NaN;
1584543655;927530;402.518524;78.259262;NaN;NaN;
1584543656;27197;416.761017;91.308174;NaN;NaN;
1584543656;128944;453.444458;118.333336;NaN;NaN;
1584543656;227597;542.298584;140.820145;NaN;NaN;
1584543656;327723;NaN;NaN;NaN;NaN;
1584543656;427198;NaN;NaN;NaN;NaN;
1584543656;528078;286.371796;45.730770;NaN;NaN;
1584543656;629059;287.011108;48.500000;NaN;NaN;
1584543656;729692;283.299011;51.926472;NaN;NaN;
1584543656;827687;NaN;NaN;NaN;NaN;
1584543656;927240;217.511108;61.755554;NaN;NaN;
1584543657;27171;197.330902;62.238441;NaN;NaN;
1584543657;129204;174.873932;62.086060;NaN;NaN;
1584543657;227490;149.290405;74.606064;548.765869;74.261902;
1584543657;327840;115.272186;80.259369;568.645935;83.877190;
1584543657;427578;71.258774;97.766289;594.084534;94.784035;
1584543657;531236;13.373842;112.933449;76.614143;64.692932;
1584543657;631585;37.437592;73.186493;402.226654;61.866665;
1584543657;727550;396.333344;75.666664;NaN;NaN;
1584543657;826926;394.333344;83.666664;NaN;NaN;
1584543657;927409;393.785309;82.758942;NaN;NaN;
1584543658;27911;416.278839;102.386566;NaN;NaN;
1584543658;129592;474.845978;115.821754;NaN;NaN;
1584543658;226827;554.092407;141.567459;NaN;NaN;
1584543658;327039;373.573029;89.093636;NaN;NaN;
1584543658;429808;418.505920;106.988159;NaN;NaN;
1584543658;527687;481.660614;136.118179;NaN;NaN;
1584543658;628986;567.667542;166.445343;NaN;NaN;
1584543658;726816;NaN;NaN;NaN;NaN;
1584543658;826753;NaN;NaN;NaN;NaN;
1584543658;926863;512.488892;115.755554;NaN;NaN;
1584543659;26656;NaN;NaN;NaN;NaN;
1584543659;128737;NaN;NaN;NaN;NaN;
1584543659;226814;NaN;NaN;NaN;NaN;
1584543659;326631;626.706970;153.362640;NaN;NaN;
1584543659;426566;NaN;NaN;NaN;NaN;
1584543659;527441;NaN;NaN;NaN;NaN;
1584543659;628669;NaN;NaN;NaN;NaN;
1584543659;726569;186.333328;88.333336;NaN;NaN;
1584543659;826739;NaN;NaN;NaN;NaN;
1584543659;929311;315.682526;116.269844;NaN;NaN;
1584543660;26439;NaN;NaN;NaN;NaN;
1584543660;129113;530.347473;176.278656;NaN;NaN;
1584543660;226620;NaN;NaN;NaN;NaN;
1584543660;326945;364.500000;66.500000;NaN;NaN;
1584543660;426800;NaN;NaN;NaN;NaN;
1584543660;527002;363.000000;88.000000;NaN;NaN;
1584543660;628752;373.802094;115.989586;NaN;NaN;
1584543660;726576;NaN;NaN;NaN;NaN;
1584543660;826645;47.318180;90.348488;604.153503;155.250000;
1584543660;926339;99.277779;94.296295;620.500000;112.500000;
1584543661;26644;85.254715;105.144653;NaN;NaN;
1584543661;128516;54.500000;104.500000;245.430740;76.205482;
1584543661;226293;231.554962;79.018021;NaN;NaN;
1584543661;326393;191.550201;86.943771;NaN;NaN;
1584543661;429859;104.873871;111.513512;320.000000;66.250000;
1584543661;527272;61.875835;112.932732;308.043701;67.792877;
1584543661;628697;22.500000;142.500000;299.722229;70.765076;
1584543661;726165;283.403717;77.855247;NaN;NaN;
1584543661;826085;245.705200;85.629814;365.660126;54.562092;
1584543661;926285;177.112671;97.833336;318.533325;57.266666;
1584543662;26063;104.500000;112.979164;268.333344;62.333332;
1584543662;128228;4.824653;136.585068;238.500000;65.500000;
1584543662;229607;192.500000;78.500000;296.500000;48.000000;
1584543662;326096;166.930557;91.625000;NaN;NaN;
1584543662;426372;123.256409;104.512817;298.500000;43.500000;
1584543662;527237;40.706100;119.753723;227.750000;68.050003;
1584543662;628407;182.916672;75.138885;245.961899;46.933334;
1584543662;725909;112.500000;86.500000;206.666672;50.083332;
1584543662;826171;32.500000;104.500000;595.994019;91.946426;
1584543662;926078;104.880951;67.214287;592.532104;93.997528;
1584543663;29378;89.199997;62.116665;614.745117;118.490196;
1584543663;128401;NaN;NaN;NaN;NaN;
1584543663;226258;19.963964;75.153152;420.666656;71.333336;
1584543663;325824;420.059509;75.964287;NaN;NaN;
1584543663;426173;419.494263;81.356323;NaN;NaN;
1584543663;526451;422.292938;94.929291;NaN;NaN;
1584543663;627978;436.467865;108.269051;NaN;NaN;
1584543663;726144;518.666687;136.000000;NaN;NaN;
1584543663;828791;NaN;NaN;NaN;NaN;
1584543663;925932;2.471111;75.328888;NaN;NaN;
1584543664;25867;53.787037;81.712959;571.500000;109.000000;
1584543664;128048;61.500797;91.858055;NaN;NaN;
1584543664;225654;28.715721;93.623238;61.777779;62.705128;
1584543664;325796;36.183182;66.297295;451.050507;73.575760;
1584543664;425592;5.436152;68.587891;467.000000;91.750000;
1584543664;526296;487.518524;103.555557;NaN;NaN;
1584543664;627954;519.382141;120.721542;NaN;NaN;
1584543664;725532;620.000000;138.500000;NaN;NaN;
1584543664;825739;NaN;NaN;NaN;NaN;
1584543664;925982;30.500000;78.500000;494.512817;97.256409;
1584543665;25834;27.520203;72.995674;564.652832;104.552200;
1584543665;127557;633.835022;118.211815;NaN;NaN;
1584543665;225690;372.666656;56.333332;NaN;NaN;
1584543665;328022;NaN;NaN;NaN;NaN;
1584543665;426151;461.213348;93.146667;NaN;NaN;
1584543665;526228;22.500000;91.000000;558.955566;119.044441;
1584543665;627524;48.236713;88.790825;NaN;NaN;
1584543665;725337;56.496597;97.603745;504.513031;84.364586;
1584543665;825475;54.654911;75.136238;537.181335;92.487610;
1584543665;925318;571.406433;105.996346;NaN;NaN;
1584543666;25281;631.233704;123.340080;399.500000;66.500000;
1584543666;130999;435.666656;79.433334;NaN;NaN;
1584543666;228004;2.550505;81.031990;478.333344;94.666664;
1584543666;325424;555.789490;104.928795;NaN;NaN;
1584543666;425547;37.366585;94.503693;NaN;NaN;
1584543666;525828;68.881264;105.131729;NaN;NaN;
1584543666;627212;67.093391;117.837944;548.858765;92.865822;
1584543666;725336;28.401440;141.114517;602.972595;107.359467;
1584543666;825114;11.170902;151.840561;418.333344;71.866669;
1584543666;925074;39.843971;96.414467;6.476191;69.761902;
1584543667;27667;3.776266;119.715797;503.598114;89.647682;
1584543667;130868;529.435913;101.974358;NaN;NaN;
1584543667;225209;608.141724;125.556427;NaN;NaN;
1584543667;325253;6.761905;68.455147;NaN;NaN;
1584543667;424947;1.803922;125.588234;62.500000;78.500000;
1584543667;525582;48.600975;131.430832;631.744934;111.699493;
1584543667;627171;98.596931;150.738815;201.871796;80.627220;
1584543667;725226;153.321426;135.678574;261.443237;80.599510;
1584543667;824951;297.113220;85.688293;NaN;NaN;
1584543667;927873;291.340668;93.678413;NaN;NaN;
1584543668;25034;249.111313;108.988754;283.095245;40.761906;
1584543668;126849;187.011703;125.220757;246.520828;43.500000;
1584543668;225078;137.351852;163.101852;251.777771;32.888889;
1584543668;325727;80.500000;193.500000;216.500000;65.500000;
1584543668;424762;200.500000;71.500000;NaN;NaN;
1584543668;525549;186.924728;78.806450;221.618423;36.241226;
1584543668;626819;157.500000;86.500000;214.666672;30.666666;
1584543668;727279;165.259262;96.074074;221.511108;37.733334;
1584543668;825347;173.878784;107.121216;631.278015;99.076599;
1584543668;925309;160.500000;102.500000;239.854172;53.197918;
1584543669;24924;126.500000;114.500000;234.840576;56.690823;
1584543669;127936;76.744514;186.037918;223.376923;61.905128;
1584543669;224932;212.840576;66.296295;508.205139;63.128204;
1584543669;324616;200.777771;77.163635;527.307678;69.192307;
1584543669;424987;186.996918;81.498077;232.608185;47.859650;
1584543669;525527;174.500000;88.500000;581.909302;87.605484;
1584543669;626754;151.666672;99.866669;220.375000;50.375000;
1584543669;724778;126.500000;126.500000;211.429993;52.363335;
1584543669;825202;58.661098;145.676651;200.313873;57.051094;
1584543669;924665;189.578842;64.475052;NaN;NaN;
1584543670;24905;175.875427;68.316032;507.000000;71.666664;
1584543670;126400;161.106476;77.339882;203.939392;47.292931;
1584543670;224443;150.170029;87.843422;205.588654;51.035461;
1584543670;324986;166.666672;91.666664;225.592102;48.557018;
1584543670;424476;150.500000;121.500000;221.711380;50.821136;
1584543670;525200;89.269470;133.984955;212.000000;52.476852;
1584543670;626495;8.500000;168.500000;172.533340;48.306667;
1584543670;724565;185.306305;58.824326;NaN;NaN;
1584543670;824591;170.951614;70.344086;NaN;NaN;
1584543670;924794;155.077621;79.301369;NaN;NaN;
1584543671;27226;140.555557;98.222221;600.631226;83.546097;
1584543671;126085;115.188217;101.434479;NaN;NaN;
1584543671;224481;82.902657;115.088493;NaN;NaN;
1584543671;324261;63.266666;134.466660;78.500000;78.500000;
1584543671;424357;1.197531;162.604935;41.577099;75.483841;
1584543671;525149;5.354298;84.104820;562.137268;93.215683;
1584543671;626020;602.851257;98.532700;NaN;NaN;
1584543671;724666;432.666656;76.000000;NaN;NaN;
1584543671;827500;473.756622;81.804230;NaN;NaN;
1584543671;924568;526.634766;91.274902;NaN;NaN;
1584543672;24326;600.000610;103.780304;NaN;NaN;
1584543672;126588;436.000000;88.500000;NaN;NaN;
1584543672;224124;516.634949;102.031746;NaN;NaN;
1584543672;324199;624.341125;113.642975;364.693329;80.279999;
1584543672;424445;432.100006;93.091667;NaN;NaN;
1584543672;524704;519.888916;109.791115;NaN;NaN;
1584543672;630357;NaN;NaN;NaN;NaN;
1584543672;724427;487.500000;100.500000;NaN;NaN;
1584543672;824403;573.722229;117.611115;NaN;NaN;
1584543672;924082;630.897461;125.890732;NaN;NaN;
1584543673;24105;316.533325;69.266670;NaN;NaN;
1584543673;126303;363.761902;91.476189;NaN;NaN;
1584543673;224232;452.434357;106.090912;NaN;NaN;
1584543673;324028;46.888889;62.925373;556.666687;126.666664;
1584543673;426527;42.687847;64.638794;636.004395;137.191742;
1584543673;524523;14.500000;67.500000;78.183907;45.275864;
1584543673;626153;64.703705;43.277779;NaN;NaN;
1584543673;723792;54.500000;48.500000;NaN;NaN;
1584543673;823761;60.500000;52.500000;NaN;NaN;
1584543673;923937;120.076920;52.794872;NaN;NaN;
1584543674;23723;2.781095;124.218903;154.500000;58.500000;
1584543674;125866;149.838242;61.568626;596.000000;112.666664;
1584543674;223874;131.978119;64.720535;633.073792;115.313156;
1584543674;323643;115.953491;77.372093;NaN;NaN;
1584543674;423625;87.358253;83.588783;NaN;NaN;
1584543674;524478;70.500000;88.500000;NaN;NaN;
1584543674;625707;40.500000;94.500000;446.034485;86.367813;
1584543674;723566;469.053314;94.265648;NaN;NaN;
1584543674;823726;142.933334;50.411110;492.500000;125.416664;
1584543674;923521;134.246033;55.230160;539.531006;129.555084;
1584543675;23507;121.833336;60.448719;605.387207;150.005646;
1584543675;125779;131.789948;65.315071;NaN;NaN;
1584543675;223512;133.257782;74.182220;476.983337;71.824997;
1584543675;323516;110.500000;90.500000;499.000000;100.250000;
1584543675;423630;48.820202;104.109093;524.262634;101.103905;
1584543675;524068;564.218323;117.719261;NaN;NaN;
1584543675;625511;160.466660;53.266666;634.856628;144.468796;
1584543675;723563;145.190475;58.435375;NaN;NaN;
1584543675;823341;152.446243;75.494621;NaN;NaN;
1584543675;923385;204.743088;72.888008;627.125916;88.081482;
1584543676;23663;189.463699;89.547302;298.380951;51.666668;
1584543676;125344;158.551254;111.876259;296.500000;56.500000;
1584543676;223861;125.309525;161.000000;300.729736;63.094593;
1584543676;323986;299.330139;66.676254;NaN;NaN;
1584543676;423247;299.870972;78.829971;355.878784;51.121212;
1584543676;523941;292.273315;94.714409;356.526886;53.279572;
1584543676;625551;249.500000;128.500000;323.878784;61.878788;
1584543676;723613;102.500000;133.500000;257.546112;62.765957;
1584543676;823148;233.626984;60.599205;NaN;NaN;
1584543676;923324;210.152054;59.482456;NaN;NaN;
1584543677;23154;154.429077;77.762413;561.111084;73.793648;
1584543677;125382;31.313570;91.639526;124.093330;51.813332;
1584543677;223319;80.648483;63.084850;539.070862;103.325821;
1584543677;323322;35.493542;72.402237;580.920898;135.402573;
1584543677;423107;NaN;NaN;NaN;NaN;
1584543677;523953;NaN;NaN;NaN;NaN;
1584543677;625230;405.569092;105.626015;NaN;NaN;
1584543677;722988;489.687958;121.567375;NaN;NaN;
1584543677;823170;577.500000;153.500000;411.750000;83.000000;
1584543677;923033;NaN;NaN;NaN;NaN;
1584543678;23286;528.897644;92.178474;NaN;NaN;
1584543678;125477;554.935181;98.987511;NaN;NaN;
1584543678;223162;584.415161;109.892365;370.490204;76.176468;
1584543678;323151;626.148499;131.235352;378.529419;75.213234;
1584543678;425637;385.996826;85.334923;NaN;NaN;
1584543678;526856;389.854309;92.308311;NaN;NaN;
1584543678;625629;416.827057;107.395523;247.587296;80.158730;
1584543678;723728;524.944702;130.639191;NaN;NaN;
1584543678;822949;388.861115;101.458336;NaN;NaN;
1584543678;923060;495.260559;114.162239;NaN;NaN;
1584543679;23008;635.513428;138.617310;396.222229;92.555557;
1584543679;124723;481.574707;105.597702;NaN;NaN;
1584543679;222943;563.003052;112.734146;NaN;NaN;
1584543679;322889;412.583344;81.994446;NaN;NaN;
1584543679;422964;471.449799;88.943771;NaN;NaN;
1584543679;524334;544.806335;111.532501;NaN;NaN;
1584543679;624758;638.500000;141.500000;397.481110;83.934708;
1584543679;722710;460.732208;95.211609;NaN;NaN;
1584543679;823280;546.869202;114.116631;NaN;NaN;
1584543679;923073;NaN;NaN;NaN;NaN;
1584543680;22590;NaN;NaN;NaN;NaN;
1584543680;124776;NaN;NaN;NaN;NaN;
1584543680;223562;587.684875;118.448486;NaN;NaN;
1584543680;322490;142.500000;72.500000;NaN;NaN;
1584543680;422494;142.500000;78.500000;NaN;NaN;
1584543680;523273;132.500000;86.500000;NaN;NaN;
1584543680;624161;117.293213;97.358025;NaN;NaN;
1584543680;722611;77.949188;107.482262;NaN;NaN;
1584543680;822577;602.680237;112.842941;NaN;NaN;
1584543680;922458;NaN;NaN;NaN;NaN;
1584543681;22503;NaN;NaN;NaN;NaN;
1584543681;124290;166.500000;48.500000;NaN;NaN;
1584543681;222303;157.339737;51.500000;NaN;NaN;
1584543681;322266;150.500000;62.500000;NaN;NaN;
1584543681;422473;125.761902;70.476189;NaN;NaN;
1584543681;522871;94.500000;80.500000;496.375000;78.125000;
1584543681;624521;82.523811;59.238094;550.723328;94.845848;
1584543681;722418;38.202900;70.933746;632.807800;124.254784;
1584543681;822107;NaN;NaN;NaN;NaN;
1584543681;922097;411.829193;82.366394;NaN;NaN;
1584543682;22300;426.784302;99.121323;NaN;NaN;
1584543682;124180;444.984039;113.122223;NaN;NaN;
1584543682;222047;465.898621;126.143623;NaN;NaN;
1584543682;322493;485.926941;128.124817;NaN;NaN;
1584543682;422260;515.533325;183.199997;NaN;NaN;
1584543682;522645;513.500000;172.500000;278.750000;97.500000;
1584543682;624057;536.000000;186.500000;279.380951;98.190475;
1584543682;721972;531.743591;184.512817;281.222229;98.555557;
1584543682;821920;527.743591;180.512817;280.527771;91.750000;
1584543682;922130;526.250000;179.125000;281.399994;86.704765;
1584543683;21885;516.333313;180.333328;501.799988;146.933334;
1584543683;123819;515.761902;184.523804;281.594604;83.549553;
1584543683;222050;515.714294;184.071426;281.594604;83.549553;
1584543683;321852;527.555542;180.500000;283.500000;97.500000;
1584543683;421835;527.555542;180.500000;283.500000;97.500000;
1584543683;522625;520.555542;182.222229;283.500000;97.500000;
1584543683;627326;520.555542;182.222229;283.500000;97.500000;
1584543683;724556;517.833313;182.166672;283.500000;97.500000;
1584543683;821925;522.275879;182.172409;283.500000;97.500000;
1584543683;921757;521.229614;182.081482;283.500000;97.500000;
